Q1,Q2,Q3,Q4,Q5,Q6,Q7,Q8,Q9,Q10,Q11,Q12,Q13,Q14,Q15,Q16,Q17,Q18,Q19,theme
Так,Так,25–34,Програмування та IT,1–5,Онлайн,Рідко,"Календар (Google, Apple); Месенджери (Telegram, Viber)",1–2 год,Переказ на картку,1–2 рази,4,4,3,4,3,200–500 грн,Облік оплат і боргів,"Пакети занять рахую в табличці вручну, легко збитись",Оплати та борги
Так,Так,35–44,Шкільні предмети та НМТ,21+,Офлайн,Щодня,"Паперовий журнал або зошит; Google Sheets чи Excel; Месенджери (Telegram, Viber)",1–2 год,Переказ на картку; Пакет занять наперед,1–2 рази,1,4,4,4,5,100–200 грн,Домашні завдання,"Постійні переноси через відключення світла, розклад перекроюю щотижня",Перенесення та скасування
Так,Так,45+,Шкільні предмети та НМТ; Іноземні мови,21+,Змішаний,Кілька разів на тиждень,"Месенджери (Telegram, Viber)",3–5 год,Готівка; Пакет занять наперед,1–2 рази,1,4,5,5,4,200–500 грн,Облік оплат і боргів,"Батьки питають про прогрес дитини, а мені нема коли писати кожному",Звіти для батьків
Так,Іноді,25–34,Програмування та IT,1–5,Онлайн,Щодня,"Календар (Google, Apple); Google Sheets чи Excel; Спеціалізований застосунок; Месенджери (Telegram, Viber)",3–5 год,Переказ на картку; Пакет занять наперед,Жодного разу,4,3,1,2,2,100–200 грн,Онлайн-запис і перенесення учнем,Пробував TutorBird – дорого в доларах і перевантажено для 5 учнів,Незручні застосунки
Так,Ні,25–34,Шкільні предмети та НМТ,21+,Змішаний,Щодня,"Google Sheets чи Excel; Месенджери (Telegram, Viber); Спеціалізований застосунок",Понад 5 год,Переказ на картку; Пакет занять наперед,1–2 рази,1,4,5,4,3,Понад 500 грн,Облік оплат і боргів,"Три викладачі, спільні таблиці ламаються, зарплати рахую вручну",Рутина забирає час
Так,Так,18–24,Шкільні предмети та НМТ,6–10,Онлайн,Кілька разів на тиждень,Нотатки в телефоні; Google Sheets чи Excel,Менше 1 год,Переказ на картку,Жодного разу,3,4,1,3,2,До 100 грн,Облік оплат і боргів,"Постійно гортаю чати, щоб знайти, що задавав минулого разу",Хаос в інструментах
Так,Так,18–24,Шкільні предмети та НМТ,6–10,Онлайн,Щодня,"Месенджери (Telegram, Viber); Google Sheets чи Excel; Ніяк, тримаю в голові",1–2 год,Переказ на картку; Готівка,Жодного разу,3,4,2,3,3,Лише безкоштовно,Облік оплат і боргів,"Скасування в останній момент, а я вже відмовив іншому учню на цей час",Перенесення та скасування
Так,Так,35–44,Шкільні предмети та НМТ; Іноземні мови,11–20,Офлайн,Кілька разів на тиждень,"Паперовий журнал або зошит; Месенджери (Telegram, Viber)",3–5 год,Переказ на картку; Готівка,3–5 разів,1,5,4,4,2,До 100 грн,Звіти для батьків,"Готівку і перекази доводиться зводити вручну, часто плутаюсь",Оплати та борги
Так,Так,35–44,Шкільні предмети та НМТ,21+,Офлайн,Кілька разів на тиждень,"Паперовий журнал або зошит; Календар (Google, Apple)",1–2 год,Переказ на картку,1–2 рази,3,5,4,4,4,200–500 грн,Облік оплат і боргів,"Нагадувати про оплату незручно, особливо давнім учням",Оплати та борги
Так,Ні,18–24,Шкільні предмети та НМТ,1–5,Онлайн,Кілька разів на тиждень,"Месенджери (Telegram, Viber); Нотатки в телефоні",Менше 1 год,Переказ на картку,Жодного разу,3,1,2,3,3,Лише безкоштовно,Облік оплат і боргів,,
Так,Так,35–44,Музика та мистецтво,11–20,Змішаний,Кілька разів на тиждень,"Календар (Google, Apple)",1–2 год,Готівка; Переказ на картку,Жодного разу,3,5,3,3,5,Лише безкоштовно,Звіти для батьків,Кожного разу вручну нагадую в чаті про завтрашні заняття,Рутина забирає час
Так,Іноді,35–44,Шкільні предмети та НМТ,11–20,Змішаний,Щодня,"Паперовий журнал або зошит; Месенджери (Telegram, Viber)",3–5 год,Готівка,1–2 рази,2,5,4,4,4,200–500 грн,Облік оплат і боргів,"Програми для репетиторів англійською і складні, я в них не розібралась",Незручні застосунки
Так,Іноді,25–34,Програмування та IT,1–5,Онлайн,Рідко,"Календар (Google, Apple); Google Sheets чи Excel; Месенджери (Telegram, Viber)",1–2 год,Переказ на картку; Пакет занять наперед,1–2 рази,4,4,4,1,1,До 100 грн,Домашні завдання,"Нема нормального способу, щоб учень сам обрав вільний слот і переніс заняття",Перенесення та скасування
Так,Ні,35–44,Шкільні предмети та НМТ,21+,Офлайн,Щодня,"Месенджери (Telegram, Viber)",Понад 5 год,Переказ на картку; Готівка,3–5 разів,3,5,5,3,5,200–500 грн,Облік оплат і боргів,"У вайбері сотні повідомлень від батьків, важливе губиться",Хаос в інструментах
Так,Так,25–34,Музика та мистецтво,11–20,Змішаний,Щодня,"Паперовий журнал або зошит; Месенджери (Telegram, Viber)",1–2 год,Готівка; Переказ на картку,3–5 разів,2,4,4,3,3,До 100 грн,Облік оплат і боргів,"Журнал паперовий, а оплату часто передають готівкою через дитину – потім не пам'ятаю",Оплати та борги
Так,Так,18–24,Шкільні предмети та НМТ,1–5,Онлайн,Рідко,"Месенджери (Telegram, Viber); Нотатки в телефоні; Google Sheets чи Excel",1–2 год,Переказ на картку,1–2 рази,2,3,3,3,1,Лише безкоштовно,Нагадування учням про заняття,"Розклад у календарі, оплати в нотатках, домашки в телеграмі – все в різних місцях",Хаос в інструментах
Так,Так,35–44,Шкільні предмети та НМТ; Іноземні мови,11–20,Офлайн,Кілька разів на тиждень,"Паперовий журнал або зошит; Google Sheets чи Excel; Месенджери (Telegram, Viber)",Понад 5 год,Переказ на картку,1–2 рази,2,5,4,5,4,200–500 грн,Облік оплат і боргів,"Вечорами замість відпочинку переписую журнал і рахую, хто скільки заплатив",Рутина забирає час
Так,Так,18–24,Шкільні предмети та НМТ,1–5,Онлайн,Щодня,"Месенджери (Telegram, Viber)",3–5 год,Переказ на картку; Готівка,3–5 разів,3,4,3,3,3,100–200 грн,Нагадування учням про заняття,"Учні пишуть про перенос за годину до заняття, і все летить",Перенесення та скасування
Так,Іноді,45+,Шкільні предмети та НМТ; Іноземні мови,11–20,Офлайн,Кілька разів на тиждень,Паперовий журнал або зошит,3–5 год,Переказ на картку; Готівка; Пакет занять наперед,3–5 разів,2,3,3,3,3,100–200 грн,Облік оплат і боргів,,
Ні,,,,,,,,,,,,,,,,,,,
Так,Так,25–34,Музика та мистецтво,6–10,Офлайн,Кілька разів на тиждень,"Паперовий журнал або зошит; Календар (Google, Apple)",1–2 год,Готівка; Пакет занять наперед,Жодного разу,3,4,1,5,4,100–200 грн,Облік оплат і боргів,"Хочеться показувати батькам прогрес, але це ще година роботи",Звіти для батьків
Так,Так,18–24,Шкільні предмети та НМТ,11–20,Змішаний,Рідко,"Месенджери (Telegram, Viber)",Менше 1 год,Переказ на картку,3–5 разів,2,4,5,3,3,До 100 грн,Онлайн-запис і перенесення учнем,"Соромно писати батькам, що вони винні за три заняття",Оплати та борги
Так,Так,25–34,Програмування та IT,1–5,Онлайн,Кілька разів на тиждень,"Календар (Google, Apple)",Менше 1 год,Пакет занять наперед,1–2 рази,3,2,2,2,1,200–500 грн,Онлайн-запис і перенесення учнем,"Контекст розкиданий між календарем, гітхабом і телеграмом",Хаос в інструментах
Так,Так,18–24,Шкільні предмети та НМТ,1–5,Онлайн,Рідко,"Месенджери (Telegram, Viber); Нотатки в телефоні",Менше 1 год,Переказ на картку,1–2 рази,4,4,2,3,3,До 100 грн,Облік оплат і боргів,"Забуваю, хто вже скинув гроші за тиждень, а хто ні. Незручно нагадувати",Оплати та борги
Так,Іноді,18–24,Шкільні предмети та НМТ,6–10,Онлайн,Рідко,"Календар (Google, Apple); Месенджери (Telegram, Viber); Нотатки в телефоні",3–5 год,Переказ на картку,3–5 разів,3,4,3,3,1,Лише безкоштовно,Онлайн-запис і перенесення учнем,,
Ні,,,,,,,,,,,,,,,,,,,
Так,Так,25–34,Музика та мистецтво,11–20,Офлайн,Кілька разів на тиждень,"Месенджери (Telegram, Viber)",3–5 год,Готівка; Переказ на картку; Пакет занять наперед,1–2 рази,2,5,4,4,3,100–200 грн,Облік оплат і боргів,"Батьки забувають про заняття, діти приходять не в той день",Перенесення та скасування
Ні,,,,,,,,,,,,,,,,,,,
Так,Іноді,18–24,Шкільні предмети та НМТ,1–5,Онлайн,Кілька разів на тиждень,"Календар (Google, Apple); Месенджери (Telegram, Viber); Нотатки в телефоні; Ніяк, тримаю в голові",Менше 1 год,Переказ на картку,1–2 рази,2,3,3,2,2,Лише безкоштовно,Онлайн-запис і перенесення учнем,,
Так,Іноді,18–24,Шкільні предмети та НМТ,1–5,Змішаний,Кілька разів на тиждень,"Месенджери (Telegram, Viber); Нотатки в телефоні",1–2 год,Переказ на картку; Готівка; Пакет занять наперед,1–2 рази,3,4,3,5,1,Лише безкоштовно,Облік оплат і боргів,,
Ні,,,,,,,,,,,,,,,,,,,
Так,Так,25–34,Програмування та IT,1–5,Онлайн,Рідко,"Календар (Google, Apple); Google Sheets чи Excel; Месенджери (Telegram, Viber)",1–2 год,Переказ на картку,Жодного разу,2,4,3,2,2,100–200 грн,Облік оплат і боргів,,
